Workbook

Sheet Sheet1
A1: Antibiotic | B1: Class | C1: ATC code | D1: AWARE_Cat2025 | E1: Status_EML2025 | F1: AWARE_Cat2021 | G1: Status_EML2021 | H1: AWARE_Cat2019 | I1: Status_EML2019 | J1: EML_2025
A2: Amikacin | B2: Aminoglycosides | C2: J01GB06 | D2: Access | E2: Yes | F2: Access | G2: Yes | H2: =VLOOKUP(C2,Sheet2!A:D,3,0) -> Access | I2: =VLOOKUP(C2,Sheet2!A:D,4,0) -> Yes | J2: Access group antibiotics
A3: Amoxicillin | B3: Penicillins | C3: J01CA04 | D3: Access | E3: Yes | F3: Access | G3: Yes | H3: =VLOOKUP(C3,Sheet2!A:D,3,0) -> Access | I3: =VLOOKUP(C3,Sheet2!A:D,4,0) -> Yes | J3: Access group antibiotics
A4: Amoxicillin/clavulanic-acid | B4: Beta-lactam/beta-lactamase-inhibitor | C4: J01CR02 | D4: Access | E4: Yes | F4: Access | G4: Yes | H4: =VLOOKUP(C4,Sheet2!A:D,3,0) -> Access | I4: =VLOOKUP(C4,Sheet2!A:D,4,0) -> Yes | J4: Access group antibiotics
A5: Amoxicillin/sulbactam | B5: Beta-lactam/beta-lactamase-inhibitor | C5: J01CR02 | D5: Access | E5: No | F5: #N/A | G5: #N/A | H5: =VLOOKUP(C5,Sheet2!A:D,3,0) -> Access | I5: =VLOOKUP(C5,Sheet2!A:D,4,0) -> Yes | J5: Access group antibiotics
A6: Ampicillin | B6: Penicillins | C6: J01CA01 | D6: Access | E6: Yes | F6: Access | G6: Yes | H6: =VLOOKUP(C6,Sheet2!A:D,3,0) -> Access | I6: =VLOOKUP(C6,Sheet2!A:D,4,0) -> Yes | J6: #N/A
A7: Ampicillin/sulbactam | B7: Beta-lactam/beta-lactamase-inhibitor | C7: J01CR01 | D7: Access | E7: No | F7: Access | G7: No | H7: =VLOOKUP(C7,Sheet2!A:D,3,0) -> Access | I7: =VLOOKUP(C7,Sheet2!A:D,4,0) -> No | J7: #N/A
A8: Azanidazole | B8: Imidazoles | C8: P01AB04 | D8: Access | E8: No | F8: #N/A | G8: #N/A | H8: =VLOOKUP(C8,Sheet2!A:D,3,0) -> #N/A | I8: =VLOOKUP(C8,Sheet2!A:D,4,0) -> #N/A | J8: #N/A
A9: Azidocillin | B9: Penicillins | C9: J01CE04 | D9: Access | E9: No | F9: Access | G9: No | H9: =VLOOKUP(C9,Sheet2!A:D,3,0) -> #N/A | I9: =VLOOKUP(C9,Sheet2!A:D,4,0) -> #N/A | J9: #N/A
A10: Bacampicillin | B10: Penicillins | C10: J01CA06 | D10: Access | E10: No | F10: Access | G10: No | H10: =VLOOKUP(C10,Sheet2!A:D,3,0) -> Access | I10: =VLOOKUP(C10,Sheet2!A:D,4,0) -> No | J10: #N/A
A11: Benzathine-benzylpenicillin | B11: Penicillins | C11: J01CE08 | D11: Access | E11: Yes | F11: Access | G11: Yes | H11: =VLOOKUP(C11,Sheet2!A:D,3,0) -> Access | I11: =VLOOKUP(C11,Sheet2!A:D,4,0) -> Yes | J11: Access group antibiotics
A12: Benzathine-phenoxymethylpenicillin | B12: Penicillins | C12: J01CE10 | D12: Access | E12: No | F12: #N/A | G12: #N/A | H12: =VLOOKUP(C12,Sheet2!A:D,3,0) -> #N/A | I12: =VLOOKUP(C12,Sheet2!A:D,4,0) -> #N/A | J12: #N/A
A13: Benzylpenicillin | B13: Penicillins | C13: J01CE01 | D13: Access | E13: Yes | F13: Access | G13: Yes | H13: =VLOOKUP(C13,Sheet2!A:D,3,0) -> Access | I13: =VLOOKUP(C13,Sheet2!A:D,4,0) -> Yes | J13: Access group antibiotics
A14: Brodimoprim | B14: Trimethoprim-derivatives | C14: J01EA02 | D14: Access | E14: No | F14: Access | G14: No | H14: =VLOOKUP(C14,Sheet2!A:D,3,0) -> #N/A | I14: =VLOOKUP(C14,Sheet2!A:D,4,0) -> #N/A | J14: #N/A
A15: Cefacetrile | B15: First-generation-cephalosporins | C15: J01DB10 | D15: Access | E15: No | F15: Access | G15: No | H15: =VLOOKUP(C15,Sheet2!A:D,3,0) -> Access | I15: =VLOOKUP(C15,Sheet2!A:D,4,0) -> No | J15: #N/A
A16: Cefadroxil | B16: First-generation-cephalosporins | C16: J01DB05 | D16: Access | E16: No | F16: Access | G16: No | H16: =VLOOKUP(C16,Sheet2!A:D,3,0) -> Access | I16: =VLOOKUP(C16,Sheet2!A:D,4,0) -> No | J16: #N/A
A17: Cefalexin | B17: First-generation-cephalosporins | C17: J01DB01 | D17: Access | E17: Yes | F17: Access | G17: Yes | H17: =VLOOKUP(C17,Sheet2!A:D,3,0) -> Access | I17: =VLOOKUP(C17,Sheet2!A:D,4,0) -> Yes | J17: Access group antibiotics
A18: Cefaloridine | B18: First-generation-cephalosporins | C18: J01DB02 | D18: Access | E18: No | F18: Access | G18: No | H18: =VLOOKUP(C18,Sheet2!A:D,3,0) -> #N/A | I18: =VLOOKUP(C18,Sheet2!A:D,4,0) -> #N/A | J18: #N/A
A19: Cefalotin | B19: First-generation-cephalosporins | C19: J01DB03 | D19: Access | E19: No | F19: Access | G19: No | H19: =VLOOKUP(C19,Sheet2!A:D,3,0) -> Access | I19: =VLOOKUP(C19,Sheet2!A:D,4,0) -> No | J19: #N/A
A20: Cefapirin | B20: First-generation-cephalosporins | C20: J01DB08 | D20: Access | E20: No | F20: Access | G20: No | H20: =VLOOKUP(C20,Sheet2!A:D,3,0) -> Access | I20: =VLOOKUP(C20,Sheet2!A:D,4,0) -> No | J20: #N/A
A21: Cefatrizine | B21: First-generation-cephalosporins | C21: J01DB07 | D21: Access | E21: No | F21: Access | G21: No | H21: =VLOOKUP(C21,Sheet2!A:D,3,0) -> Access | I21: =VLOOKUP(C21,Sheet2!A:D,4,0) -> No | J21: #N/A
A22: Cefazedone | B22: First-generation-cephalosporins | C22: J01DB06 | D22: Access | E22: No | F22: Access | G22: No | H22: =VLOOKUP(C22,Sheet2!A:D,3,0) -> Access | I22: =VLOOKUP(C22,Sheet2!A:D,4,0) -> No | J22: #N/A
A23: Cefazolin | B23: First-generation-cephalosporins | C23: J01DB04 | D23: Access | E23: Yes | F23: Access | G23: Yes | H23: =VLOOKUP(C23,Sheet2!A:D,3,0) -> Access | I23: =VLOOKUP(C23,Sheet2!A:D,4,0) -> Yes | J23: Access group antibiotics
A24: Cefradine | B24: First-generation-cephalosporins | C24: J01DB09 | D24: Access | E24: No | F24: Access | G24: No | H24: =VLOOKUP(C24,Sheet2!A:D,3,0) -> Access | I24: =VLOOKUP(C24,Sheet2!A:D,4,0) -> No | J24: #N/A
A25: Cefroxadine | B25: First-generation-cephalosporins | C25: J01DB11 | D25: Access | E25: No | F25: Access | G25: No | H25: =VLOOKUP(C25,Sheet2!A:D,3,0) -> Access | I25: =VLOOKUP(C25,Sheet2!A:D,4,0) -> No | J25: #N/A
A26: Ceftezole | B26: First-generation-cephalosporins | C26: J01DB12 | D26: Access | E26: No | F26: Access | G26: No | H26: =VLOOKUP(C26,Sheet2!A:D,3,0) -> Access | I26: =VLOOKUP(C26,Sheet2!A:D,4,0) -> No | J26: #N/A
A27: Chloramphenicol | B27: Amphenicols | C27: J01BA01 | D27: Access | E27: Yes | F27: Access | G27: Yes | H27: =VLOOKUP(C27,Sheet2!A:D,3,0) -> Access | I27: =VLOOKUP(C27,Sheet2!A:D,4,0) -> Yes | J27: Access group antibiotics
A28: Clindamycin | B28: Lincosamides | C28: J01FF01 | D28: Access | E28: Yes | F28: Access | G28: Yes | H28: =VLOOKUP(C28,Sheet2!A:D,3,0) -> #N/A | I28: =VLOOKUP(C28,Sheet2!A:D,4,0) -> #N/A | J28: Access group antibiotics
A29: Clometocillin | B29: Penicillins | C29: J01CE07 | D29: Access | E29: No | F29: Access | G29: No | H29: =VLOOKUP(C29,Sheet2!A:D,3,0) -> Access | I29: =VLOOKUP(C29,Sheet2!A:D,4,0) -> No | J29: #N/A
A30: Cloxacillin | B30: Penicillins | C30: J01CF02 | D30: Access | E30: Yes | F30: Access | G30: Yes | H30: =VLOOKUP(C30,Sheet2!A:D,3,0) -> Access | I30: =VLOOKUP(C30,Sheet2!A:D,4,0) -> Yes | J30: Access group antibiotics
A31: Dicloxacillin | B31: Penicillins | C31: J01CF01 | D31: Access | E31: Yes | F31: Access | G31: No | H31: =VLOOKUP(C31,Sheet2!A:D,3,0) -> Access | I31: =VLOOKUP(C31,Sheet2!A:D,4,0) -> No | J31: #N/A
A32: Doxycycline | B32: Tetracyclines | C32: J01AA02 | D32: Access | E32: Yes | F32: Access | G32: Yes | H32: =VLOOKUP(C32,Sheet2!A:D,3,0) -> Access | I32: =VLOOKUP(C32,Sheet2!A:D,4,0) -> Yes | J32: Access group antibiotics
A33: Epicillin | B33: Penicillins | C33: J01CA07 | D33: Access | E33: No | F33: Access | G33: No | H33: =VLOOKUP(C33,Sheet2!A:D,3,0) -> #N/A | I33: =VLOOKUP(C33,Sheet2!A:D,4,0) -> #N/A | J33: #N/A
A34: Flucloxacillin | B34: Penicillins | C34: J01CF05 | D34: Access | E34: Yes | F34: Access | G34: No | H34: =VLOOKUP(C34,Sheet2!A:D,3,0) -> Access | I34: =VLOOKUP(C34,Sheet2!A:D,4,0) -> No | J34: #N/A
A35: Furazidin | B35: Nitrofuran-derivatives | C35: J01XE03 | D35: Access | E35: No | F35: Access | G35: No | H35: =VLOOKUP(C35,Sheet2!A:D,3,0) -> #N/A | I35: =VLOOKUP(C35,Sheet2!A:D,4,0) -> #N/A | J35: #N/A
A36: Gentamicin | B36: Aminoglycosides | C36: J01GB03 | D36: Access | E36: Yes | F36: Access | G36: Yes | H36: =VLOOKUP(C36,Sheet2!A:D,3,0) -> Access | I36: =VLOOKUP(C36,Sheet2!A:D,4,0) -> Yes | J36: Access group antibiotics
A37: Hetacillin | B37: Penicillins | C37: J01CA18 | D37: Access | E37: No | F37: Access | G37: No | H37: =VLOOKUP(C37,Sheet2!A:D,3,0) -> #N/A | I37: =VLOOKUP(C37,Sheet2!A:D,4,0) -> #N/A | J37: #N/A
A38: Mecillinam | B38: Penicillins | C38: J01CA11 | D38: Access | E38: No | F38: Access | G38: No | H38: =VLOOKUP(C38,Sheet2!A:D,3,0) -> Access | I38: =VLOOKUP(C38,Sheet2!A:D,4,0) -> No | J38: #N/A
A39: Metampicillin | B39: Penicillins | C39: J01CA14 | D39: Access | E39: No | F39: Access | G39: No | H39: =VLOOKUP(C39,Sheet2!A:D,3,0) -> #N/A | I39: =VLOOKUP(C39,Sheet2!A:D,4,0) -> #N/A | J39: #N/A
A40: Meticillin | B40: Penicillins | C40: J01CF03 | D40: Access | E40: Yes | F40: Access | G40: No | H40: =VLOOKUP(C40,Sheet2!A:D,3,0) -> #N/A | I40: =VLOOKUP(C40,Sheet2!A:D,4,0) -> #N/A | J40: #N/A
A41: Metronidazole_IV | B41: Imidazoles | C41: J01XD01 | D41: Access | E41: Yes | F41: Access | G41: Yes | H41: =VLOOKUP(C41,Sheet2!A:D,3,0) -> Access | I41: =VLOOKUP(C41,Sheet2!A:D,4,0) -> Yes | J41: #N/A
A42: Metronidazole_oral | B42: Imidazoles | C42: P01AB01 | D42: Access | E42: Yes | F42: Access | G42: Yes | H42: =VLOOKUP(C42,Sheet2!A:D,3,0) -> Access | I42: =VLOOKUP(C42,Sheet2!A:D,4,0) -> Yes | J42: Access group antibiotics
A43: Nafcillin | B43: Penicillins | C43: J01CF06 | D43: Access | E43: Yes | F43: Access | G43: No | H43: =VLOOKUP(C43,Sheet2!A:D,3,0) -> Access | I43: =VLOOKUP(C43,Sheet2!A:D,4,0) -> No | J43: #N/A
A44: Nifurtoinol | B44: Nitrofuran-derivatives | C44: J01XE02 | D44: Access | E44: No | F44: Access | G44: No | H44: =VLOOKUP(C44,Sheet2!A:D,3,0) -> #N/A | I44: =VLOOKUP(C44,Sheet2!A:D,4,0) -> #N/A | J44: #N/A
A45: Nimorazole | B45: Imidazoles | C45: P01AB06 | D45: Access | E45: No | F45: #N/A | G45: #N/A | H45: =VLOOKUP(C45,Sheet2!A:D,3,0) -> #N/A | I45: =VLOOKUP(C45,Sheet2!A:D,4,0) -> #N/A | J45: #N/A
A46: Nitrofurantoin | B46: Nitrofuran-derivatives | C46: J01XE01 | D46: Access | E46: Yes | F46: Access | G46: Yes | H46: =VLOOKUP(C46,Sheet2!A:D,3,0) -> Access | I46: =VLOOKUP(C46,Sheet2!A:D,4,0) -> Yes | J46: Access group antibiotics
A47: Ornidazole_IV | B47: Imidazoles | C47: J01XD03 | D47: Access | E47: No | F47: Access | G47: No | H47: =VLOOKUP(C47,Sheet2!A:D,3,0) -> #N/A | I47: =VLOOKUP(C47,Sheet2!A:D,4,0) -> #N/A | J47: #N/A
A48: Ornidazole_oral | B48: Imidazoles | C48: P01AB03 | D48: Access | E48: No | F48: Access | G48: No | H48: =VLOOKUP(C48,Sheet2!A:D,3,0) -> #N/A | I48: =VLOOKUP(C48,Sheet2!A:D,4,0) -> #N/A | J48: #N/A
A49: Oxacillin | B49: Penicillins | C49: J01CF04 | D49: Access | E49: Yes | F49: Access | G49: No | H49: =VLOOKUP(C49,Sheet2!A:D,3,0) -> Access | I49: =VLOOKUP(C49,Sheet2!A:D,4,0) -> No | J49: #N/A
A50: Penamecillin | B50: Penicillins | C50: J01CE06 | D50: Access | E50: No | F50: Access | G50: No | H50: =VLOOKUP(C50,Sheet2!A:D,3,0) -> Access | I50: =VLOOKUP(C50,Sheet2!A:D,4,0) -> No | J50: #N/A
A51: Phenoxymethylpenicillin | B51: Penicillins | C51: J01CE02 | D51: Access | E51: Yes | F51: Access | G51: Yes | H51: =VLOOKUP(C51,Sheet2!A:D,3,0) -> Access | I51: =VLOOKUP(C51,Sheet2!A:D,4,0) -> Yes | J51: Access group antibiotics
A52: Pivampicillin | B52: Penicillins | C52: J01CA02 | D52: Access | E52: No | F52: Access | G52: No | H52: =VLOOKUP(C52,Sheet2!A:D,3,0) -> Access | I52: =VLOOKUP(C52,Sheet2!A:D,4,0) -> No | J52: #N/A
A53: Pivmecillinam | B53: Penicillins | C53: J01CA08 | D53: Access | E53: No | F53: Access | G53: No | H53: =VLOOKUP(C53,Sheet2!A:D,3,0) -> Access | I53: =VLOOKUP(C53,Sheet2!A:D,4,0) -> No | J53: #N/A
A54: Procaine-benzylpenicillin | B54: Penicillins | C54: J01CE09 | D54: Access | E54: Yes | F54: Access | G54: Yes | H54: =VLOOKUP(C54,Sheet2!A:D,3,0) -> Access | I54: =VLOOKUP(C54,Sheet2!A:D,4,0) -> Yes | J54: Access group antibiotics
A55: Propenidazole | B55: Imidazoles | C55: P01AB05 | D55: Access | E55: No | F55: #N/A | G55: #N/A | H55: =VLOOKUP(C55,Sheet2!A:D,3,0) -> #N/A | I55: =VLOOKUP(C55,Sheet2!A:D,4,0) -> #N/A | J55: #N/A
A56: Propicillin | B56: Penicillins | C56: J01CE03 | D56: Access | E56: No | F56: Access | G56: No | H56: =VLOOKUP(C56,Sheet2!A:D,3,0) -> #N/A | I56: =VLOOKUP(C56,Sheet2!A:D,4,0) -> #N/A | J56: #N/A
A57: Satranidazole | B57: Imidazoles | C57: P01AB08 | D57: Access | E57: No | F57: #N/A | G57: #N/A | H57: =VLOOKUP(C57,Sheet2!A:D,3,0) -> #N/A | I57: =VLOOKUP(C57,Sheet2!A:D,4,0) -> #N/A | J57: #N/A
A58: Secnidazole | B58: Imidazoles | C58: P01AB07 | D58: Access | E58: No | F58: Access | G58: No | H58: =VLOOKUP(C58,Sheet2!A:D,3,0) -> #N/A | I58: =VLOOKUP(C58,Sheet2!A:D,4,0) -> #N/A | J58: #N/A
A59: Spectinomycin | B59: Aminocyclitols | C59: J01XX04 | D59: Access | E59: Yes | F59: Access | G59: Yes | H59: =VLOOKUP(C59,Sheet2!A:D,3,0) -> Access | I59: =VLOOKUP(C59,Sheet2!A:D,4,0) -> Yes | J59: Access group antibiotics
A60: Sulbactam | B60: Beta-lactamase-inhibitors | C60: J01CG01 | D60: Access | E60: No | F60: Access | G60: No | H60: =VLOOKUP(C60,Sheet2!A:D,3,0) -> #N/A | I60: =VLOOKUP(C60,Sheet2!A:D,4,0) -> #N/A | J60: #N/A
A61: Sulfadiazine | B61: Sulfonamides | C61: J01EC02 | D61: Access | E61: No | F61: #N/A | G61: #N/A | H61: =VLOOKUP(C61,Sheet2!A:D,3,0) -> #N/A | I61: =VLOOKUP(C61,Sheet2!A:D,4,0) -> #N/A | J61: #N/A
A62: Sulfadiazine/tetroxoprim | B62: Sulfonamide-trimethoprim-combinations | C62: J01EE06 | D62: Access | E62: No | F62: Access | G62: No | H62: =VLOOKUP(C62,Sheet2!A:D,3,0) -> #N/A | I62: =VLOOKUP(C62,Sheet2!A:D,4,0) -> #N/A | J62: #N/A
A63: Sulfadiazine/trimethoprim | B63: Sulfonamide-trimethoprim-combinations | C63: J01EE02 | D63: Access | E63: No | F63: Access | G63: No | H63: =VLOOKUP(C63,Sheet2!A:D,3,0) -> Access | I63: =VLOOKUP(C63,Sheet2!A:D,4,0) -> No | J63: #N/A
A64: Sulfadimethoxine | B64: Sulfonamides | C64: J01ED01 | D64: Access | E64: No | F64: Access | G64: No | H64: =VLOOKUP(C64,Sheet2!A:D,3,0) -> #N/A | I64: =VLOOKUP(C64,Sheet2!A:D,4,0) -> #N/A | J64: #N/A
A65: Sulfadimidine | B65: Sulfonamides | C65: J01EB03 | D65: Access | E65: No | F65: Access | G65: No | H65: =VLOOKUP(C65,Sheet2!A:D,3,0) -> #N/A | I65: =VLOOKUP(C65,Sheet2!A:D,4,0) -> #N/A | J65: #N/A
A66: Sulfadimidine/trimethoprim | B66: Sulfonamide-trimethoprim-combinations | C66: J01EE05 | D66: Access | E66: No | F66: Access | G66: No | H66: =VLOOKUP(C66,Sheet2!A:D,3,0) -> #N/A | I66: =VLOOKUP(C66,Sheet2!A:D,4,0) -> #N/A | J66: #N/A
A67: Sulfafurazole | B67: Sulfonamides | C67: J01EB05 | D67: Access | E67: No | F67: Access | G67: No | H67: =VLOOKUP(C67,Sheet2!A:D,3,0) -> #N/A | I67: =VLOOKUP(C67,Sheet2!A:D,4,0) -> #N/A | J67: #N/A
A68: Sulfaisodimidine | B68: Sulfonamides | C68: J01EB01 | D68: Access | E68: No | F68: Access | G68: No | H68: =VLOOKUP(C68,Sheet2!A:D,3,0) -> #N/A | I68: =VLOOKUP(C68,Sheet2!A:D,4,0) -> #N/A | J68: #N/A
A69: Sulfalene | B69: Sulfonamides | C69: J01ED02 | D69: Access | E69: No | F69: Access | G69: No | H69: =VLOOKUP(C69,Sheet2!A:D,3,0) -> #N/A | I69: =VLOOKUP(C69,Sheet2!A:D,4,0) -> #N/A | J69: #N/A
A70: Sulfamazone | B70: Sulfonamides | C70: J01ED09 | D70: Access | E70: No | F70: Access | G70: No | H70: =VLOOKUP(C70,Sheet2!A:D,3,0) -> #N/A | I70: =VLOOKUP(C70,Sheet2!A:D,4,0) -> #N/A | J70: #N/A
A71: Sulfamerazine | B71: Sulfonamides | C71: J01ED07 | D71: Access | E71: No | F71: Access | G71: No | H71: =VLOOKUP(C71,Sheet2!A:D,3,0) -> #N/A | I71: =VLOOKUP(C71,Sheet2!A:D,4,0) -> #N/A | J71: #N/A
A72: Sulfamerazine/trimethoprim | B72: Sulfonamide-trimethoprim-combinations | C72: J01EE07 | D72: Access | E72: No | F72: Access | G72: No | H72: =VLOOKUP(C72,Sheet2!A:D,3,0) -> #N/A | I72: =VLOOKUP(C72,Sheet2!A:D,4,0) -> #N/A | J72: #N/A
A73: Sulfamethizole | B73: Sulfonamides | C73: J01EB02 | D73: Access | E73: No | F73: Access | G73: No | H73: =VLOOKUP(C73,Sheet2!A:D,3,0) -> Access | I73: =VLOOKUP(C73,Sheet2!A:D,4,0) -> No | J73: #N/A
A74: Sulfamethoxazole | B74: Sulfonamides | C74: J01EC01 | D74: Access | E74: No | F74: #N/A | G74: #N/A | H74: =VLOOKUP(C74,Sheet2!A:D,3,0) -> #N/A | I74: =VLOOKUP(C74,Sheet2!A:D,4,0) -> #N/A | J74: #N/A
A75: Sulfamethoxazole/trimethoprim | B75: Sulfonamide-trimethoprim-combinations | C75: J01EE01 | D75: Access | E75: Yes | F75: Access | G75: Yes | H75: =VLOOKUP(C75,Sheet2!A:D,3,0) -> Access | I75: =VLOOKUP(C75,Sheet2!A:D,4,0) -> Yes | J75: Access group antibiotics
A76: Sulfamethoxypyridazine | B76: Sulfonamides | C76: J01ED05 | D76: Access | E76: No | F76: Access | G76: No | H76: =VLOOKUP(C76,Sheet2!A:D,3,0) -> #N/A | I76: =VLOOKUP(C76,Sheet2!A:D,4,0) -> #N/A | J76: #N/A
A77: Sulfametomidine | B77: Sulfonamides | C77: J01ED03 | D77: Access | E77: No | F77: Access | G77: No | H77: =VLOOKUP(C77,Sheet2!A:D,3,0) -> #N/A | I77: =VLOOKUP(C77,Sheet2!A:D,4,0) -> #N/A | J77: #N/A
A78: Sulfametoxydiazine | B78: Sulfonamides | C78: J01ED04 | D78: Access | E78: No | F78: Access | G78: No | H78: =VLOOKUP(C78,Sheet2!A:D,3,0) -> #N/A | I78: =VLOOKUP(C78,Sheet2!A:D,4,0) -> #N/A | J78: #N/A
A79: Sulfametrole/trimethoprim | B79: Sulfonamide-trimethoprim-combinations | C79: J01EE03 | D79: Access | E79: No | F79: Access | G79: No | H79: =VLOOKUP(C79,Sheet2!A:D,3,0) -> Access | I79: =VLOOKUP(C79,Sheet2!A:D,4,0) -> No | J79: #N/A
A80: Sulfamoxole | B80: Sulfonamides | C80: J01EC03 | D80: Access | E80: No | F80: #N/A | G80: #N/A | H80: =VLOOKUP(C80,Sheet2!A:D,3,0) -> #N/A | I80: =VLOOKUP(C80,Sheet2!A:D,4,0) -> #N/A | J80: #N/A
A81: Sulfamoxole/trimethoprim | B81: Sulfonamide-trimethoprim-combinations | C81: J01EE04 | D81: Access | E81: No | F81: Access | G81: No | H81: =VLOOKUP(C81,Sheet2!A:D,3,0) -> Access | I81: =VLOOKUP(C81,Sheet2!A:D,4,0) -> No | J81: #N/A
A82: Sulfanilamide | B82: Sulfonamides | C82: J01EB06 | D82: Access | E82: No | F82: Access | G82: No | H82: =VLOOKUP(C82,Sheet2!A:D,3,0) -> #N/A | I82: =VLOOKUP(C82,Sheet2!A:D,4,0) -> #N/A | J82: #N/A
A83: Sulfaperin | B83: Sulfonamides | C83: J01ED06 | D83: Access | E83: No | F83: Access | G83: No | H83: =VLOOKUP(C83,Sheet2!A:D,3,0) -> #N/A | I83: =VLOOKUP(C83,Sheet2!A:D,4,0) -> #N/A | J83: #N/A
A84: Sulfaphenazole | B84: Sulfonamides | C84: J01ED08 | D84: Access | E84: No | F84: Access | G84: No | H84: =VLOOKUP(C84,Sheet2!A:D,3,0) -> #N/A | I84: =VLOOKUP(C84,Sheet2!A:D,4,0) -> #N/A | J84: #N/A
A85: Sulfapyridine | B85: Sulfonamides | C85: J01EB04 | D85: Access | E85: No | F85: Access | G85: No | H85: =VLOOKUP(C85,Sheet2!A:D,3,0) -> #N/A | I85: =VLOOKUP(C85,Sheet2!A:D,4,0) -> #N/A | J85: #N/A
A86: Sulfathiazole | B86: Sulfonamides | C86: J01EB07 | D86: Access | E86: No | F86: Access | G86: No | H86: =VLOOKUP(C86,Sheet2!A:D,3,0) -> #N/A | I86: =VLOOKUP(C86,Sheet2!A:D,4,0) -> #N/A | J86: #N/A
A87: Sulfathiourea | B87: Sulfonamides | C87: J01EB08 | D87: Access | E87: No | F87: Access | G87: No | H87: =VLOOKUP(C87,Sheet2!A:D,3,0) -> #N/A | I87: =VLOOKUP(C87,Sheet2!A:D,4,0) -> #N/A | J87: #N/A
A88: Sultamicillin | B88: Beta-lactam/beta-lactamase-inhibitor | C88: J01CR04 | D88: Access | E88: No | F88: Access | G88: No | H88: =VLOOKUP(C88,Sheet2!A:D,3,0) -> Access | I88: =VLOOKUP(C88,Sheet2!A:D,4,0) -> No | J88: #N/A
A89: Talampicillin | B89: Penicillins | C89: J01CA15 | D89: Access | E89: No | F89: Access | G89: No | H89: =VLOOKUP(C89,Sheet2!A:D,3,0) -> #N/A | I89: =VLOOKUP(C89,Sheet2!A:D,4,0) -> #N/A | J89: #N/A
A90: Tetracycline | B90: Tetracyclines | C90: J01AA07 | D90: Access | E90: No | F90: Access | G90: No | H90: =VLOOKUP(C90,Sheet2!A:D,3,0) -> Access | I90: =VLOOKUP(C90,Sheet2!A:D,4,0) -> No | J90: Access group antibiotics
A91: Thiamphenicol | B91: Amphenicols | C91: J01BA02 | D91: Access | E91: No | F91: Access | G91: No | H91: =VLOOKUP(C91,Sheet2!A:D,3,0) -> Access | I91: =VLOOKUP(C91,Sheet2!A:D,4,0) -> No | J91: #N/A
A92: Tinidazole_IV | B92: Imidazoles | C92: J01XD02 | D92: Access | E92: No | F92: Access | G92: No | H92: =VLOOKUP(C92,Sheet2!A:D,3,0) -> #N/A | I92: =VLOOKUP(C92,Sheet2!A:D,4,0) -> #N/A | J92: #N/A
A93: Tinidazole_oral | B93: Imidazoles | C93: P01AB02 | D93: Access | E93: No | F93: Access | G93: No | H93: =VLOOKUP(C93,Sheet2!A:D,3,0) -> #N/A | I93: =VLOOKUP(C93,Sheet2!A:D,4,0) -> #N/A | J93: #N/A
A94: Trimethoprim | B94: Trimethoprim-derivatives | C94: J01EA01 | D94: Access | E94: Yes | F94: Access | G94: Yes | H94: =VLOOKUP(C94,Sheet2!A:D,3,0) -> Access | I94: =VLOOKUP(C94,Sheet2!A:D,4,0) -> No | J94: Access group antibiotics
A95: Aztreonam | B95: Monobactams | C95: J01DF01 | D95: Reserve | E95: No | F95: Reserve | G95: No | H95: =VLOOKUP(C95,Sheet2!A:D,3,0) -> Reserve | I95: =VLOOKUP(C95,Sheet2!A:D,4,0) -> No | J95: Reserve group antibiotics
A96: Aztreonam/avibactam | B96: Monobactam/beta-lactamase-inhibitor | C96: J01DF51 | D96: Reserve | E96: No | F96: #N/A | G96: #N/A | H96: =VLOOKUP(C96,Sheet2!A:D,3,0) -> #N/A | I96: =VLOOKUP(C96,Sheet2!A:D,4,0) -> #N/A | J96: #N/A
A97: Carumonam | B97: Monobactams | C97: J01DF02 | D97: Reserve | E97: No | F97: Reserve | G97: No | H97: =VLOOKUP(C97,Sheet2!A:D,3,0) -> #N/A | I97: =VLOOKUP(C97,Sheet2!A:D,4,0) -> #N/A | J97: #N/A
A98: Cefiderocol | B98: Other-cephalosporins | C98: J01DI04 | D98: Reserve | E98: Yes | F98: Reserve | G98: Yes | H98: =VLOOKUP(C98,Sheet2!A:D,3,0) -> #N/A | I98: =VLOOKUP(C98,Sheet2!A:D,4,0) -> #N/A | J98: Reserve group antibiotics
A99: Ceftaroline-fosamil | B99: Fifth-generation-cephalosporins | C99: J01DI02 | D99: Reserve | E99: No | F99: Reserve | G99: No | H99: =VLOOKUP(C99,Sheet2!A:D,3,0) -> Reserve | I99: =VLOOKUP(C99,Sheet2!A:D,4,0) -> No | J99: #N/A
A100: Ceftazidime/avibactam | B100: Third-generation-cephalosporins | C100: J01DD52 | D100: Reserve | E100: Yes | F100: Reserve | G100: Yes | H100: =VLOOKUP(C100,Sheet2!A:D,3,0) -> Reserve | I100: =VLOOKUP(C100,Sheet2!A:D,4,0) -> Yes | J100: Reserve group antibiotics
...

Sheet Sheet2
A1: ATC code | B1: Antibiotic | C1: Category | D1: Listed on EML 2019
A2: J01GB06 | B2: Amikacin | C2: Access | D2: Yes
A3: J01CA04 | B3: Amoxicillin | C3: Access | D3: Yes
A4: J01CR02 | B4: Amoxicillin/clavulanic Acid | C4: Access | D4: Yes
A5: J01CA01 | B5: Ampicillin | C5: Access | D5: Yes
A6: J01CR01 | B6: Ampicillin/sulbactam | C6: Access | D6: No
A7: J01GB12 | B7: Arbekacin | C7: Watch | D7: No
A8: J01FA10 | B8: Azithromycin | C8: Watch | D8: Yes
A9: J01CA09 | B9: Azlocillin | C9: Watch | D9: No
A10: J01DF01 | B10: Aztreonam | C10: Reserve | D10: No
A11: J01CA06 | B11: Bacampicillin | C11: Access | D11: No
A12: J01CE08 | B12: Benzathine benzylpenicillin | C12: Access | D12: Yes
... A181: A07AA09 | B181: Vancomycin (oral) | C181: Watch | D181: Yes
